business_date,temp_mean_f,temp_max_f,temp_min_f,precipitation_in,had_precipitation,snowfall_in,had_snow,windspeed_max_mph,weathercode,weather_description
2024-01-01,38.1,45.2,32.7,0.004,True,0.028,True,9.3,71,Slight snow
2024-01-02,31.9,41.9,24.0,0.0,False,0.0,False,8.1,0,Clear sky
2024-01-03,34.7,45.6,28.2,0.0,False,0.0,False,9.7,3,Overcast
2024-01-04,35.3,44.1,28.1,0.0,False,0.0,False,16.5,3,Overcast
2024-01-05,28.7,37.1,22.5,0.0,False,0.0,False,13.7,3,Overcast
2024-01-06,30.4,37.3,23.1,0.386,True,1.24,True,18.5,75,Heavy snow
2024-01-07,35.2,37.6,30.9,0.295,True,0.331,True,18.3,73,Snow
2024-01-08,34.6,43.3,28.0,0.0,False,0.0,False,10.8,1,Mainly clear
2024-01-09,38.7,55.2,24.4,1.165,True,0.0,False,37.6,63,Rain
2024-01-10,48.5,56.4,40.8,1.488,True,0.0,False,30.6,65,Heavy rain
2024-01-11,39.8,46.3,32.0,0.0,False,0.0,False,14.5,3,Overcast
2024-01-12,39.1,46.5,29.0,0.02,True,0.0,False,13.1,51,Light drizzle
2024-01-13,48.5,58.1,34.9,1.028,True,0.0,False,22.2,65,Heavy rain
2024-01-14,32.1,42.8,25.1,0.031,True,0.193,True,23.5,73,Snow
2024-01-15,25.7,30.0,21.6,0.031,True,0.22,True,7.4,73,Snow
2024-01-16,27.5,32.0,22.4,0.409,True,1.626,True,15.6,73,Snow
2024-01-17,20.3,24.3,15.9,0.0,False,0.0,False,14.8,0,Clear sky
2024-01-18,25.6,32.4,19.2,0.012,True,0.083,True,11.3,71,Slight snow
2024-01-19,27.9,30.2,24.0,0.094,True,0.661,True,10.6,73,Snow
2024-01-20,21.0,25.8,17.0,0.0,False,0.0,False,15.9,3,Overcast
2024-01-21,22.8,29.6,18.1,0.0,False,0.0,False,14.6,3,Overcast
2024-01-22,26.8,37.4,18.0,0.0,False,0.0,False,10.4,3,Overcast
2024-01-23,33.8,39.8,29.0,0.067,True,0.0,False,11.1,53,Drizzle
2024-01-24,38.5,43.3,32.4,0.122,True,0.0,False,6.4,51,Light drizzle
2024-01-25,49.4,53.8,43.2,0.319,True,0.0,False,13.9,61,Slight rain
2024-01-26,43.4,47.6,37.2,0.173,True,0.0,False,12.0,53,Drizzle
2024-01-27,41.6,47.5,36.0,0.0,False,0.0,False,8.6,3,Overcast
2024-01-28,38.5,40.3,36.9,0.854,True,0.0,False,18.6,63,Rain
2024-01-29,36.9,42.3,32.1,0.028,True,0.0,False,17.9,51,Light drizzle
2024-01-30,32.6,39.6,25.1,0.0,False,0.0,False,8.1,3,Overcast
2024-01-31,35.9,39.7,30.7,0.016,True,0.028,True,7.0,71,Slight snow
2024-02-01,36.5,47.8,27.0,0.0,False,0.0,False,13.7,3,Overcast
2024-02-02,38.6,42.1,34.4,0.268,True,0.0,False,14.3,55,Heavy drizzle
2024-02-03,33.5,41.7,25.9,0.0,False,0.0,False,15.2,2,Partly cloudy
2024-02-04,33.4,45.1,25.3,0.0,False,0.0,False,9.0,0,Clear sky
2024-02-05,33.2,44.1,25.7,0.0,False,0.0,False,14.4,0,Clear sky
2024-02-06,31.2,41.9,23.3,0.0,False,0.0,False,10.6,0,Clear sky
2024-02-07,34.5,46.2,25.4,0.0,False,0.0,False,7.4,2,Partly cloudy
2024-02-08,36.0,49.0,26.1,0.0,False,0.0,False,7.7,3,Overcast
2024-02-09,41.6,50.4,34.9,0.0,False,0.0,False,12.3,3,Overcast
2024-02-10,46.6,59.9,35.4,0.008,True,0.0,False,11.0,51,Light drizzle
2024-02-11,44.3,48.1,38.6,0.0,False,0.0,False,9.2,3,Overcast
2024-02-12,38.8,47.7,29.0,0.0,False,0.0,False,6.8,3,Overcast
2024-02-13,33.4,37.6,27.1,1.016,True,6.945,True,15.6,75,Heavy snow
2024-02-14,28.7,33.9,24.4,0.0,False,0.0,False,17.8,1,Mainly clear
2024-02-15,29.8,36.3,21.4,0.0,False,0.0,False,13.9,3,Overcast
2024-02-16,34.4,40.6,28.7,0.0,False,0.0,False,18.9,3,Overcast
2024-02-17,30.3,35.6,23.9,0.224,True,1.571,True,15.9,73,Snow
2024-02-18,28.7,40.5,20.6,0.0,False,0.0,False,18.4,0,Clear sky
2024-02-19,31.2,39.0,23.6,0.0,False,0.0,False,12.6,0,Clear sky
2024-02-20,27.3,35.8,20.1,0.0,False,0.0,False,7.9,1,Mainly clear
2024-02-21,30.5,40.2,21.9,0.0,False,0.0,False,9.4,3,Overcast
2024-02-22,33.9,42.3,22.6,0.012,True,0.0,False,13.6,51,Light drizzle
2024-02-23,41.2,46.9,36.9,0.13,True,0.0,False,8.6,53,Drizzle
2024-02-24,36.2,42.8,26.3,0.0,False,0.0,False,12.8,3,Overcast
2024-02-25,27.8,36.7,19.7,0.0,False,0.0,False,10.4,3,Overcast
2024-02-26,37.8,49.9,28.8,0.035,True,0.138,True,9.2,73,Snow
2024-02-27,45.2,54.3,33.3,0.189,True,0.0,False,18.3,63,Rain
2024-02-28,55.3,61.2,50.5,0.417,True,0.0,False,24.6,63,Rain
2024-02-29,33.6,44.1,26.9,0.008,True,0.0,False,22.3,51,Light drizzle
2024-03-01,33.2,41.0,24.5,0.0,False,0.0,False,12.8,3,Overcast
2024-03-02,44.5,50.8,36.1,1.063,True,0.0,False,18.0,63,Rain
2024-03-03,52.4,65.7,43.2,0.0,False,0.0,False,9.7,3,Overcast
2024-03-04,46.7,56.7,39.2,0.0,False,0.0,False,13.5,3,Overcast
2024-03-05,44.3,47.8,40.0,0.732,True,0.0,False,12.8,63,Rain
2024-03-06,45.1,49.8,38.2,1.331,True,0.0,False,14.6,65,Heavy rain
2024-03-07,49.5,54.2,42.2,0.146,True,0.0,False,15.7,55,Heavy drizzle
2024-03-08,42.4,53.8,33.3,0.0,False,0.0,False,13.2,3,Overcast
2024-03-09,41.5,46.7,38.6,0.953,True,0.0,False,22.5,63,Rain
2024-03-10,45.3,51.3,35.6,0.756,True,0.0,False,19.0,65,Heavy rain
2024-03-11,40.6,49.7,33.3,0.0,False,0.0,False,27.4,3,Overcast
2024-03-12,48.4,63.0,36.0,0.0,False,0.0,False,15.3,3,Overcast
2024-03-13,47.2,58.1,37.0,0.0,False,0.0,False,11.1,3,Overcast
2024-03-14,52.3,69.8,38.6,0.0,False,0.0,False,7.9,3,Overcast
2024-03-15,58.4,70.8,47.4,0.028,True,0.0,False,15.0,53,Drizzle
2024-03-16,47.7,56.8,40.6,0.012,True,0.0,False,16.8,51,Light drizzle
2024-03-17,51.4,60.0,44.9,0.016,True,0.0,False,19.0,51,Light drizzle
2024-03-18,43.7,48.3,35.9,0.0,False,0.0,False,12.7,3,Overcast
2024-03-19,38.1,45.6,31.6,0.016,True,0.028,True,17.2,71,Slight snow
2024-03-20,43.0,54.2,34.2,0.098,True,0.0,False,19.0,61,Slight rain
2024-03-21,33.2,41.8,25.6,0.0,False,0.0,False,19.5,3,Overcast
2024-03-22,33.2,40.9,23.7,0.0,False,0.0,False,11.7,3,Overcast
2024-03-23,43.1,51.2,35.0,2.488,True,0.0,False,25.1,65,Heavy rain
2024-03-24,36.2,46.8,27.7,0.0,False,0.0,False,19.5,1,Mainly clear
2024-03-25,38.9,49.3,29.7,0.0,False,0.0,False,14.3,0,Clear sky
2024-03-26,41.7,49.6,32.1,0.0,False,0.0,False,13.3,3,Overcast
2024-03-27,45.6,52.2,40.4,0.016,True,0.0,False,7.3,51,Light drizzle
2024-03-28,47.2,50.5,44.2,0.969,True,0.0,False,12.6,63,Rain
2024-03-29,45.1,55.0,38.7,0.024,True,0.0,False,21.4,51,Light drizzle
2024-03-30,46.2,58.0,36.2,0.0,False,0.0,False,15.5,3,Overcast
2024-03-31,50.7,61.1,39.6,0.008,True,0.0,False,13.7,51,Light drizzle
2024-04-01,47.3,54.2,41.0,0.114,True,0.0,False,8.4,53,Drizzle
2024-04-02,45.5,48.0,43.5,0.74,True,0.0,False,14.1,63,Rain
2024-04-03,42.9,45.0,40.4,0.984,True,0.0,False,26.9,63,Rain
2024-04-04,42.0,47.9,37.0,0.248,True,0.0,False,26.3,63,Rain
2024-04-05,41.6,49.0,34.9,0.0,False,0.0,False,18.5,3,Overcast
2024-04-06,43.8,52.2,37.0,0.008,True,0.0,False,18.3,51,Light drizzle
2024-04-07,44.5,56.4,34.8,0.0,False,0.0,False,15.0,3,Overcast
2024-04-08,47.8,63.7,34.8,0.0,False,0.0,False,8.5,3,Overcast
2024-04-09,56.8,73.6,42.0,0.0,False,0.0,False,9.9,3,Overcast
2024-04-10,53.7,60.3,47.1,0.004,True,0.0,False,10.0,51,Light drizzle
2024-04-11,54.2,61.9,49.1,0.453,True,0.0,False,18.7,63,Rain
2024-04-12,59.3,65.4,54.0,0.65,True,0.0,False,26.4,63,Rain
2024-04-13,48.9,53.3,45.5,0.071,True,0.0,False,22.5,53,Drizzle
2024-04-14,55.3,65.5,42.0,0.071,True,0.0,False,14.8,61,Slight rain
2024-04-15,64.3,76.6,50.3,0.0,False,0.0,False,14.7,3,Overcast
2024-04-16,56.8,68.8,44.3,0.0,False,0.0,False,11.3,1,Mainly clear
2024-04-17,51.2,59.6,45.1,0.106,True,0.0,False,11.6,53,Drizzle
2024-04-18,47.3,48.4,42.6,0.429,True,0.0,False,15.6,63,Rain
2024-04-19,47.4,55.6,39.7,0.0,False,0.0,False,12.4,3,Overcast
2024-04-20,54.8,67.4,46.8,0.142,True,0.0,False,16.1,61,Slight rain
2024-04-21,45.7,53.7,36.5,0.0,False,0.0,False,14.3,3,Overcast
2024-04-22,47.6,59.6,35.4,0.0,False,0.0,False,10.6,3,Overcast
2024-04-23,48.1,57.5,36.8,0.0,False,0.0,False,17.2,3,Overcast
2024-04-24,56.0,70.7,47.0,0.043,True,0.0,False,15.6,55,Heavy drizzle
2024-04-25,45.4,53.4,37.7,0.0,False,0.0,False,12.2,3,Overcast
2024-04-26,46.5,56.9,35.9,0.0,False,0.0,False,11.5,2,Partly cloudy
2024-04-27,47.9,57.0,38.3,0.016,True,0.0,False,17.1,51,Light drizzle
2024-04-28,58.5,70.2,47.9,0.028,True,0.0,False,10.3,53,Drizzle
2024-04-29,67.7,83.3,55.8,0.268,True,0.0,False,9.1,63,Rain
2024-04-30,59.4,72.3,52.1,0.165,True,0.0,False,8.6,63,Rain
2024-05-01,58.8,74.7,50.4,0.043,True,0.0,False,12.3,53,Drizzle
2024-05-02,63.0,78.9,49.7,0.0,False,0.0,False,14.2,3,Overcast
2024-05-03,56.4,62.6,50.4,0.0,False,0.0,False,12.1,3,Overcast
2024-05-04,53.1,62.4,46.4,0.0,False,0.0,False,13.5,3,Overcast
2024-05-05,51.3,54.0,48.5,0.295,True,0.0,False,14.1,61,Slight rain
2024-05-06,61.8,71.2,54.1,0.024,True,0.0,False,7.6,51,Light drizzle
2024-05-07,66.0,78.1,54.5,0.0,False,0.0,False,10.6,3,Overcast
2024-05-08,72.6,85.8,60.6,0.004,True,0.0,False,16.8,51,Light drizzle
2024-05-09,63.3,69.4,57.5,0.0,False,0.0,False,10.5,3,Overcast
2024-05-10,51.2,57.7,49.2,0.492,True,0.0,False,12.8,63,Rain
2024-05-11,52.2,60.7,44.4,0.0,False,0.0,False,13.8,3,Overcast
2024-05-12,50.7,55.4,47.9,0.248,True,0.0,False,8.9,61,Slight rain
2024-05-13,54.7,65.3,43.3,0.012,True,0.0,False,14.1,51,Light drizzle
2024-05-14,60.3,69.3,50.1,0.15,True,0.0,False,13.9,61,Slight rain
2024-05-15,60.0,66.5,56.3,0.295,True,0.0,False,17.3,55,Heavy drizzle
2024-05-16,61.7,65.7,58.9,0.189,True,0.0,False,21.4,51,Light drizzle
2024-05-17,63.2,72.9,53.9,0.0,False,0.0,False,11.8,3,Overcast
2024-05-18,61.7,72.3,55.8,0.098,True,0.0,False,7.6,53,Drizzle
2024-05-19,61.8,73.6,54.5,0.0,False,0.0,False,13.1,3,Overcast
2024-05-20,60.6,73.9,51.8,0.0,False,0.0,False,11.4,3,Overcast
2024-05-21,64.5,76.6,54.5,0.0,False,0.0,False,11.1,3,Overcast
2024-05-22,69.6,80.9,60.2,0.0,False,0.0,False,14.5,3,Overcast
2024-05-23,72.4,79.9,65.6,0.291,True,0.0,False,10.3,63,Rain
2024-05-24,72.5,85.6,61.2,0.0,False,0.0,False,10.6,3,Overcast
2024-05-25,67.3,78.6,58.6,0.0,False,0.0,False,11.3,3,Overcast
2024-05-26,67.1,77.4,60.2,0.004,True,0.0,False,10.1,51,Light drizzle
2024-05-27,66.1,72.1,62.3,1.756,True,0.0,False,18.0,65,Heavy rain
2024-05-28,71.6,80.8,64.0,0.004,True,0.0,False,16.9,51,Light drizzle
2024-05-29,66.0,76.8,57.3,0.449,True,0.0,False,9.6,63,Rain
2024-05-30,63.8,71.0,57.5,0.118,True,0.0,False,13.6,61,Slight rain
2024-05-31,64.8,76.6,54.6,0.0,False,0.0,False,12.9,3,Overcast
2024-06-01,68.6,83.3,55.0,0.0,False,0.0,False,10.9,3,Overcast
2024-06-02,69.1,80.5,57.1,0.0,False,0.0,False,13.2,3,Overcast
2024-06-03,73.9,85.5,63.9,0.0,False,0.0,False,8.5,3,Overcast
2024-06-04,69.2,77.4,62.0,0.0,False,0.0,False,11.3,3,Overcast
2024-06-05,68.5,78.4,59.5,0.134,True,0.0,False,15.3,61,Slight rain
2024-06-06,73.6,81.4,66.8,0.98,True,0.0,False,24.2,65,Heavy rain
2024-06-07,73.1,83.0,64.8,0.024,True,0.0,False,13.8,53,Drizzle
2024-06-08,68.7,77.4,59.3,0.0,False,0.0,False,17.3,3,Overcast
2024-06-09,68.7,77.3,58.5,0.008,True,0.0,False,16.9,51,Light drizzle
2024-06-10,66.9,76.3,57.9,0.0,False,0.0,False,11.7,3,Overcast
2024-06-11,65.8,73.7,57.2,0.055,True,0.0,False,7.3,51,Light drizzle
2024-06-12,67.4,78.4,58.0,0.0,False,0.0,False,11.9,3,Overcast
2024-06-13,71.0,82.1,58.2,0.0,False,0.0,False,18.4,3,Overcast
2024-06-14,73.3,84.2,66.8,0.327,True,0.0,False,9.8,63,Rain
2024-06-15,71.6,81.4,63.4,0.0,False,0.0,False,14.0,3,Overcast
2024-06-16,66.4,75.3,58.1,0.0,False,0.0,False,11.7,3,Overcast
2024-06-17,72.0,81.1,62.2,0.0,False,0.0,False,18.4,3,Overcast
2024-06-18,76.1,84.5,68.6,0.0,False,0.0,False,15.3,3,Overcast
2024-06-19,76.2,87.0,67.8,0.0,False,0.0,False,16.1,3,Overcast
2024-06-20,79.1,91.6,68.1,0.0,False,0.0,False,13.4,3,Overcast
2024-06-21,82.1,95.9,73.2,0.012,True,0.0,False,12.5,51,Light drizzle
2024-06-22,80.1,92.5,72.3,0.098,True,0.0,False,10.9,61,Slight rain
2024-06-23,84.3,95.7,72.9,0.008,True,0.0,False,16.9,51,Light drizzle
2024-06-24,77.9,82.6,71.8,0.0,False,0.0,False,24.2,3,Overcast
2024-06-25,79.1,93.4,67.7,0.0,False,0.0,False,19.2,3,Overcast
2024-06-26,82.6,94.1,74.3,0.008,True,0.0,False,16.6,51,Light drizzle
2024-06-27,77.2,86.9,71.0,0.386,True,0.0,False,13.4,63,Rain
2024-06-28,68.2,76.8,59.9,0.0,False,0.0,False,13.9,3,Overcast
2024-06-29,73.2,80.4,65.3,0.035,True,0.0,False,22.3,53,Drizzle
2024-06-30,79.7,91.2,72.5,0.921,True,0.0,False,14.0,65,Heavy rain
2024-07-01,71.6,80.7,61.6,0.004,True,0.0,False,15.7,51,Light drizzle
2024-07-02,72.8,84.4,61.1,0.0,False,0.0,False,10.3,3,Overcast
2024-07-03,73.2,82.6,64.0,0.0,False,0.0,False,16.8,3,Overcast
2024-07-04,75.8,85.7,67.2,0.043,True,0.0,False,13.2,53,Drizzle
2024-07-05,79.2,88.5,71.3,0.094,True,0.0,False,12.4,61,Slight rain
2024-07-06,81.2,90.1,72.8,0.0,False,0.0,False,11.7,3,Overcast
2024-07-07,82.1,91.0,74.7,0.039,True,0.0,False,9.1,51,Light drizzle
2024-07-08,80.2,91.5,73.8,0.024,True,0.0,False,10.1,51,Light drizzle
2024-07-09,79.5,86.4,72.1,0.012,True,0.0,False,14.7,51,Light drizzle
2024-07-10,81.4,88.1,76.3,0.004,True,0.0,False,23.4,51,Light drizzle
2024-07-11,81.5,91.3,76.0,0.138,True,0.0,False,18.2,61,Slight rain
2024-07-12,77.9,84.6,73.0,0.181,True,0.0,False,12.3,61,Slight rain
2024-07-13,77.1,85.2,71.5,1.039,True,0.0,False,9.9,65,Heavy rain
2024-07-14,79.8,88.2,71.6,0.016,True,0.0,False,11.4,51,Light drizzle
2024-07-15,82.3,90.1,74.4,0.094,True,0.0,False,13.8,61,Slight rain
2024-07-16,84.2,94.6,73.9,0.244,True,0.0,False,17.8,63,Rain
2024-07-17,81.1,88.8,75.5,1.02,True,0.0,False,12.2,65,Heavy rain
2024-07-18,79.0,88.5,71.3,0.02,True,0.0,False,8.0,51,Light drizzle
2024-07-19,75.5,86.2,64.7,0.0,False,0.0,False,9.4,1,Mainly clear
2024-07-20,75.9,84.1,65.5,0.098,True,0.0,False,10.8,61,Slight rain
2024-07-21,78.9,88.3,68.4,0.008,True,0.0,False,13.5,51,Light drizzle
2024-07-22,76.8,82.9,71.3,0.169,True,0.0,False,13.5,61,Slight rain
2024-07-23,76.2,84.4,70.5,0.252,True,0.0,False,6.7,61,Slight rain
2024-07-24,76.2,84.0,70.6,0.252,True,0.0,False,10.0,63,Rain
2024-07-25,77.3,87.5,69.3,0.02,True,0.0,False,10.7,53,Drizzle
2024-07-26,75.0,85.6,64.1,0.0,False,0.0,False,12.9,3,Overcast
2024-07-27,76.2,85.6,64.1,0.0,False,0.0,False,9.7,3,Overcast
2024-07-28,76.7,89.3,65.7,0.0,False,0.0,False,13.8,3,Overcast
2024-07-29,77.0,84.1,71.9,0.185,True,0.0,False,12.0,61,Slight rain
2024-07-30,78.8,86.6,71.3,0.008,True,0.0,False,21.4,51,Light drizzle
2024-07-31,78.6,85.9,74.5,0.354,True,0.0,False,12.5,63,Rain
2024-08-01,81.5,94.3,70.2,0.008,True,0.0,False,13.3,51,Light drizzle
2024-08-02,80.8,91.3,74.8,0.283,True,0.0,False,15.3,63,Rain
2024-08-03,80.7,91.8,74.3,0.394,True,0.0,False,14.8,63,Rain
2024-08-04,76.2,82.6,73.8,0.579,True,0.0,False,9.7,65,Heavy rain
2024-08-05,79.8,88.7,70.0,0.0,False,0.0,False,12.7,3,Overcast
2024-08-06,78.3,89.3,72.0,2.063,True,0.0,False,11.0,65,Heavy rain
2024-08-07,70.2,72.8,65.8,1.189,True,0.0,False,14.7,65,Heavy rain
2024-08-08,69.2,74.1,64.7,0.252,True,0.0,False,13.9,61,Slight rain
2024-08-09,77.0,83.1,72.5,1.094,True,0.0,False,27.2,65,Heavy rain
2024-08-10,77.8,85.2,71.6,0.264,True,0.0,False,11.5,63,Rain
2024-08-11,73.4,81.2,66.6,0.008,True,0.0,False,11.6,51,Light drizzle
2024-08-12,71.7,79.8,62.9,0.008,True,0.0,False,12.8,51,Light drizzle
2024-08-13,71.4,81.8,61.3,0.0,False,0.0,False,9.3,3,Overcast
2024-08-14,73.8,83.8,64.0,0.012,True,0.0,False,10.4,51,Light drizzle
2024-08-15,76.3,87.7,63.7,0.0,False,0.0,False,7.2,1,Mainly clear
2024-08-16,75.9,87.1,66.0,0.016,True,0.0,False,11.1,51,Light drizzle
2024-08-17,74.3,79.6,69.9,0.047,True,0.0,False,15.3,53,Drizzle
2024-08-18,73.3,77.5,71.2,0.642,True,0.0,False,15.9,63,Rain
2024-08-19,73.5,83.1,68.9,0.898,True,0.0,False,11.9,65,Heavy rain
2024-08-20,66.5,72.9,61.5,0.004,True,0.0,False,13.2,51,Light drizzle
2024-08-21,64.2,73.1,55.0,0.0,False,0.0,False,13.2,1,Mainly clear
2024-08-22,66.3,76.6,55.0,0.0,False,0.0,False,12.4,2,Partly cloudy
2024-08-23,69.6,82.0,56.8,0.0,False,0.0,False,9.7,2,Partly cloudy
2024-08-24,72.2,85.9,59.4,0.0,False,0.0,False,7.6,3,Overcast
2024-08-25,74.2,87.1,62.5,0.0,False,0.0,False,11.9,3,Overcast
2024-08-26,74.1,86.0,65.3,0.024,True,0.0,False,12.8,51,Light drizzle
2024-08-27,74.4,85.6,65.1,0.0,False,0.0,False,12.5,3,Overcast
2024-08-28,82.2,95.7,71.1,0.016,True,0.0,False,10.5,51,Light drizzle
2024-08-29,74.2,80.7,68.6,0.205,True,0.0,False,11.6,61,Slight rain
2024-08-30,69.6,75.6,64.9,0.24,True,0.0,False,11.1,63,Rain
2024-08-31,71.6,79.2,64.3,0.02,True,0.0,False,11.3,51,Light drizzle
2024-09-01,76.2,84.7,70.2,0.055,True,0.0,False,12.4,51,Light drizzle
2024-09-02,71.7,79.9,64.0,0.0,False,0.0,False,12.7,3,Overcast
2024-09-03,64.9,74.3,54.5,0.0,False,0.0,False,10.4,0,Clear sky
2024-09-04,66.6,77.8,55.1,0.0,False,0.0,False,9.6,0,Clear sky
2024-09-05,67.2,78.8,56.7,0.0,False,0.0,False,10.7,1,Mainly clear
2024-09-06,68.9,79.5,59.5,0.008,True,0.0,False,11.4,51,Light drizzle
2024-09-07,68.5,75.7,60.6,0.358,True,0.0,False,17.3,63,Rain
2024-09-08,62.1,72.0,53.0,0.0,False,0.0,False,13.1,0,Clear sky
2024-09-09,65.1,78.3,51.6,0.0,False,0.0,False,14.0,2,Partly cloudy
2024-09-10,68.2,80.0,57.0,0.0,False,0.0,False,8.8,1,Mainly clear
2024-09-11,66.4,78.1,55.1,0.0,False,0.0,False,8.7,3,Overcast
2024-09-12,68.2,79.4,60.5,0.0,False,0.0,False,10.3,3,Overcast
2024-09-13,68.6,81.5,58.1,0.0,False,0.0,False,9.0,3,Overcast
2024-09-14,71.9,85.9,59.5,0.0,False,0.0,False,8.7,3,Overcast
2024-09-15,70.7,82.7,62.5,0.0,False,0.0,False,11.9,1,Mainly clear
2024-09-16,66.7,78.4,56.6,0.0,False,0.0,False,9.1,3,Overcast
2024-09-17,69.0,81.1,60.2,0.0,False,0.0,False,11.1,3,Overcast
2024-09-18,69.7,74.6,65.5,0.0,False,0.0,False,10.9,3,Overcast
2024-09-19,74.2,87.3,61.7,0.0,False,0.0,False,11.6,3,Overcast
2024-09-20,72.1,82.0,63.7,0.0,False,0.0,False,11.9,3,Overcast
2024-09-21,68.5,80.3,59.9,0.0,False,0.0,False,12.3,3,Overcast
2024-09-22,66.1,75.8,56.9,0.0,False,0.0,False,11.5,3,Overcast
2024-09-23,63.7,70.3,56.7,0.004,True,0.0,False,10.3,51,Light drizzle
2024-09-24,63.5,68.6,57.6,0.004,True,0.0,False,9.9,51,Light drizzle
2024-09-25,64.5,69.8,60.9,0.0,False,0.0,False,12.8,3,Overcast
2024-09-26,69.0,73.3,63.1,0.189,True,0.0,False,12.6,61,Slight rain
2024-09-27,69.0,72.1,65.7,0.024,True,0.0,False,8.9,51,Light drizzle
2024-09-28,64.9,68.8,60.9,0.307,True,0.0,False,14.9,61,Slight rain
2024-09-29,63.1,66.0,61.8,0.055,True,0.0,False,10.5,51,Light drizzle
2024-09-30,64.5,72.9,58.4,0.0,False,0.0,False,11.7,3,Overcast
2024-10-01,63.6,71.4,58.2,0.0,False,0.0,False,9.8,3,Overcast
2024-10-02,61.6,69.0,55.4,0.0,False,0.0,False,8.0,3,Overcast
2024-10-03,63.8,71.2,57.9,0.008,True,0.0,False,9.0,51,Light drizzle
2024-10-04,63.4,72.9,54.4,0.004,True,0.0,False,11.1,51,Light drizzle
2024-10-05,66.1,75.3,58.3,0.008,True,0.0,False,11.4,51,Light drizzle
2024-10-06,61.2,70.6,50.6,0.0,False,0.0,False,10.7,3,Overcast
2024-10-07,65.8,74.6,59.5,0.28,True,0.0,False,12.5,63,Rain
2024-10-08,60.0,69.6,50.7,0.0,False,0.0,False,11.4,3,Overcast
2024-10-09,59.0,68.8,48.4,0.0,False,0.0,False,13.7,3,Overcast
2024-10-10,54.3,64.8,45.5,0.0,False,0.0,False,14.3,1,Mainly clear
2024-10-11,56.5,70.6,43.4,0.0,False,0.0,False,11.8,0,Clear sky
2024-10-12,64.0,74.1,55.8,0.0,False,0.0,False,15.0,2,Partly cloudy
2024-10-13,62.9,73.6,50.8,0.0,False,0.0,False,12.8,3,Overcast
2024-10-14,57.0,68.0,47.4,0.0,False,0.0,False,22.9,3,Overcast
2024-10-15,49.6,58.5,41.5,0.0,False,0.0,False,12.9,3,Overcast
2024-10-16,49.7,59.9,41.3,0.0,False,0.0,False,12.8,3,Overcast
2024-10-17,49.0,59.5,38.7,0.0,False,0.0,False,14.7,3,Overcast
2024-10-18,54.0,67.1,44.0,0.0,False,0.0,False,12.2,0,Clear sky
2024-10-19,55.7,70.2,43.8,0.0,False,0.0,False,6.3,0,Clear sky
2024-10-20,58.3,75.8,43.2,0.0,False,0.0,False,6.9,1,Mainly clear
2024-10-21,63.8,81.6,46.4,0.0,False,0.0,False,8.1,0,Clear sky
2024-10-22,66.5,81.7,55.7,0.0,False,0.0,False,8.3,0,Clear sky
2024-10-23,63.6,73.6,53.0,0.0,False,0.0,False,14.1,2,Partly cloudy
2024-10-24,61.5,69.3,53.4,0.012,True,0.0,False,16.0,51,Light drizzle
2024-10-25,53.5,64.5,43.6,0.0,False,0.0,False,9.9,3,Overcast
2024-10-26,56.7,65.3,49.7,0.0,False,0.0,False,16.3,2,Partly cloudy
2024-10-27,50.2,58.8,40.8,0.0,False,0.0,False,11.5,3,Overcast
2024-10-28,49.3,60.9,37.6,0.0,False,0.0,False,9.7,3,Overcast
2024-10-29,56.1,63.5,43.6,0.024,True,0.0,False,15.4,51,Light drizzle
2024-10-30,63.0,76.8,52.2,0.004,True,0.0,False,9.0,51,Light drizzle
2024-10-31,67.5,82.4,54.3,0.0,False,0.0,False,12.7,3,Overcast
2024-11-01,70.2,81.0,59.3,0.012,True,0.0,False,20.0,51,Light drizzle
2024-11-02,54.2,60.9,47.1,0.0,False,0.0,False,12.7,2,Partly cloudy
2024-11-03,46.1,55.9,38.5,0.0,False,0.0,False,8.9,3,Overcast
2024-11-04,49.1,57.7,39.1,0.0,False,0.0,False,12.0,3,Overcast
2024-11-05,60.4,73.3,48.4,0.0,False,0.0,False,14.4,3,Overcast
2024-11-06,70.1,81.1,61.9,0.0,False,0.0,False,15.4,2,Partly cloudy
2024-11-07,65.1,73.7,55.0,0.0,False,0.0,False,14.0,3,Overcast
2024-11-08,56.7,69.6,44.8,0.0,False,0.0,False,17.6,3,Overcast
2024-11-09,48.2,55.4,40.1,0.0,False,0.0,False,14.7,3,Overcast
2024-11-10,48.6,58.8,37.0,0.035,True,0.0,False,12.5,53,Drizzle
2024-11-11,61.1,70.2,52.9,0.126,True,0.0,False,17.4,61,Slight rain
2024-11-12,49.4,53.2,42.0,0.0,False,0.0,False,16.5,3,Overcast
2024-11-13,41.0,48.4,34.4,0.0,False,0.0,False,8.1,1,Mainly clear
2024-11-14,40.5,46.6,34.4,0.0,False,0.0,False,5.2,3,Overcast
2024-11-15,46.4,57.9,37.1,0.0,False,0.0,False,7.8,3,Overcast
2024-11-16,51.1,61.8,42.0,0.0,False,0.0,False,10.3,0,Clear sky
2024-11-17,52.3,64.0,43.5,0.0,False,0.0,False,7.8,3,Overcast
2024-11-18,54.4,64.5,45.6,0.0,False,0.0,False,8.9,3,Overcast
2024-11-19,51.4,58.5,42.1,0.0,False,0.0,False,7.9,3,Overcast
2024-11-20,53.1,60.7,45.4,0.0,False,0.0,False,6.7,3,Overcast
2024-11-21,48.0,53.9,40.3,1.732,True,0.0,False,9.9,63,Rain
2024-11-22,38.9,41.8,36.5,0.579,True,0.083,True,14.8,71,Slight snow
2024-11-23,42.4,48.0,36.8,0.039,True,0.0,False,15.0,51,Light drizzle
2024-11-24,46.5,51.3,41.7,0.0,False,0.0,False,14.1,3,Overcast
2024-11-25,43.7,50.8,35.8,0.0,False,0.0,False,6.2,3,Overcast
2024-11-26,51.6,58.5,43.9,0.118,True,0.0,False,8.1,55,Heavy drizzle
2024-11-27,42.6,50.4,36.0,0.0,False,0.0,False,5.5,3,Overcast
2024-11-28,44.7,53.6,41.1,0.705,True,0.0,False,12.4,63,Rain
2024-11-29,39.1,46.0,34.0,0.004,True,0.0,False,10.4,51,Light drizzle
2024-11-30,32.8,38.3,28.1,0.0,False,0.0,False,10.3,3,Overcast
2024-12-01,30.1,36.7,25.2,0.0,False,0.0,False,10.7,3,Overcast
2024-12-02,31.1,38.8,26.5,0.0,False,0.0,False,6.3,3,Overcast
2024-12-03,33.2,40.9,27.4,0.004,True,0.0,False,6.5,51,Light drizzle
2024-12-04,32.6,39.5,26.2,0.004,True,0.0,False,9.9,51,Light drizzle
2024-12-05,36.2,40.8,31.8,0.224,True,0.937,True,16.5,75,Heavy snow
2024-12-06,30.1,32.1,28.0,0.0,False,0.0,False,11.4,3,Overcast
2024-12-07,33.2,40.4,27.2,0.0,False,0.0,False,8.1,3,Overcast
2024-12-08,42.3,52.3,34.9,0.0,False,0.028,True,10.4,71,Slight snow
2024-12-09,42.7,51.0,34.1,0.268,True,0.0,False,7.5,61,Slight rain
2024-12-10,47.1,52.1,43.2,0.063,True,0.0,False,9.1,55,Heavy drizzle
2024-12-11,55.4,59.8,43.4,1.437,True,0.0,False,15.7,63,Rain
2024-12-12,35.1,41.6,28.8,0.004,True,0.0,False,14.9,51,Light drizzle
2024-12-13,27.9,32.5,25.2,0.0,False,0.0,False,7.1,0,Clear sky
2024-12-14,27.1,33.1,22.4,0.0,False,0.0,False,5.0,3,Overcast
2024-12-15,30.5,38.4,23.2,0.0,False,0.0,False,5.7,3,Overcast
2024-12-16,42.8,50.0,36.0,0.661,True,0.055,True,10.5,71,Slight snow
2024-12-17,52.0,58.6,45.5,0.142,True,0.0,False,10.1,61,Slight rain
2024-12-18,43.7,50.2,35.6,0.134,True,0.0,False,5.9,61,Slight rain
2024-12-19,40.3,44.4,33.6,0.11,True,0.0,False,9.0,55,Heavy drizzle
2024-12-20,34.0,37.1,30.8,0.063,True,0.138,True,9.4,71,Slight snow
2024-12-21,27.5,33.1,20.2,0.146,True,1.02,True,12.2,73,Snow
2024-12-22,15.4,19.7,9.4,0.0,False,0.0,False,9.2,1,Mainly clear
2024-12-23,14.0,25.2,5.5,0.0,False,0.0,False,4.5,3,Overcast
2024-12-24,28.8,34.2,25.0,0.071,True,0.496,True,5.8,73,Snow
2024-12-25,26.7,32.3,21.6,0.0,False,0.0,False,6.6,3,Overcast
2024-12-26,22.8,31.5,16.8,0.0,False,0.0,False,4.0,3,Overcast
2024-12-27,25.7,37.3,15.2,0.0,False,0.0,False,3.2,3,Overcast
2024-12-28,39.8,45.6,35.2,0.217,True,0.0,False,4.2,53,Drizzle
2024-12-29,49.2,58.5,40.5,0.169,True,0.0,False,14.5,55,Heavy drizzle
2024-12-30,52.8,55.6,46.2,0.232,True,0.0,False,15.8,61,Slight rain
2024-12-31,43.6,49.2,35.2,0.319,True,0.0,False,7.6,63,Rain
2025-01-01,45.7,51.9,39.1,0.22,True,0.0,False,14.5,63,Rain
2025-01-02,36.8,41.8,32.5,0.0,False,0.0,False,15.4,3,Overcast
2025-01-03,32.7,37.7,28.4,0.0,False,0.0,False,10.3,3,Overcast
2025-01-04,29.5,32.1,27.4,0.0,False,0.0,False,15.2,3,Overcast
2025-01-05,28.2,32.7,25.6,0.0,False,0.0,False,12.4,3,Overcast
2025-01-06,27.8,29.3,23.8,0.063,True,0.441,True,9.4,73,Snow
2025-01-07,22.7,27.0,16.2,0.0,False,0.0,False,18.4,3,Overcast
2025-01-08,24.5,27.9,20.2,0.0,False,0.0,False,15.9,3,Overcast
2025-01-09,24.7,29.4,19.9,0.0,False,0.0,False,16.0,3,Overcast
2025-01-10,30.7,38.1,25.5,0.0,False,0.0,False,12.6,3,Overcast
2025-01-11,29.9,32.7,26.8,0.063,True,0.441,True,9.8,73,Snow
2025-01-12,32.7,40.6,26.4,0.0,False,0.0,False,8.9,3,Overcast
2025-01-13,34.2,43.4,28.3,0.0,False,0.0,False,10.3,3,Overcast
2025-01-14,29.1,32.6,25.4,0.0,False,0.0,False,13.0,3,Overcast
2025-01-15,26.0,30.3,22.0,0.0,False,0.0,False,14.3,3,Overcast
2025-01-16,26.3,30.6,21.1,0.016,True,0.11,True,6.5,71,Slight snow
2025-01-17,30.5,40.6,22.5,0.0,False,0.0,False,6.2,3,Overcast
2025-01-18,38.0,44.3,30.9,0.094,True,0.0,False,9.5,53,Drizzle
2025-01-19,33.3,37.0,27.2,0.291,True,2.012,True,11.4,75,Heavy snow
2025-01-20,19.3,26.9,12.0,0.004,True,0.055,True,9.5,71,Slight snow
2025-01-21,11.2,16.9,3.5,0.016,True,0.11,True,5.3,71,Slight snow
2025-01-22,10.6,17.3,1.9,0.0,False,0.0,False,6.1,3,Overcast
2025-01-23,16.2,25.9,8.7,0.0,False,0.0,False,4.6,3,Overcast
2025-01-24,20.2,30.1,11.9,0.0,False,0.0,False,6.4,3,Overcast
2025-01-25,19.7,28.4,8.9,0.0,False,0.0,False,6.8,3,Overcast
2025-01-26,30.2,39.3,22.3,0.0,False,0.0,False,8.3,3,Overcast
2025-01-27,29.6,35.7,23.3,0.0,False,0.0,False,10.9,3,Overcast
2025-01-28,33.1,40.2,26.6,0.0,False,0.0,False,14.1,3,Overcast
2025-01-29,39.8,48.7,33.0,0.0,False,0.0,False,14.2,3,Overcast
2025-01-30,28.7,34.2,20.8,0.0,False,0.0,False,8.1,3,Overcast
2025-01-31,39.6,43.8,34.8,0.362,True,0.0,False,7.2,61,Slight rain
2025-02-01,33.3,43.3,22.5,0.126,True,0.0,False,11.7,55,Heavy drizzle
2025-02-02,24.5,35.2,15.3,0.142,True,0.992,True,7.3,75,Heavy snow
2025-02-03,35.6,42.2,26.6,0.012,True,0.055,True,8.0,71,Slight snow
2025-02-04,39.0,43.5,31.4,0.043,True,0.0,False,14.1,53,Drizzle
2025-02-05,29.6,35.1,26.1,0.0,False,0.0,False,9.1,3,Overcast
2025-02-06,34.3,40.5,28.5,0.343,True,1.433,True,8.5,75,Heavy snow
2025-02-07,34.8,41.4,27.4,0.0,False,0.0,False,15.7,3,Overcast
2025-02-08,28.9,34.0,24.4,0.236,True,1.626,True,6.0,75,Heavy snow
2025-02-09,32.1,34.5,27.8,0.244,True,0.827,True,7.9,75,Heavy snow
2025-02-10,28.2,32.9,22.5,0.0,False,0.0,False,8.3,3,Overcast
2025-02-11,24.7,32.5,15.4,0.055,True,0.386,True,3.6,73,Snow
2025-02-12,31.3,33.1,29.0,0.185,True,1.295,True,7.7,73,Snow
2025-02-13,38.8,45.3,33.3,0.248,True,0.055,True,10.8,71,Slight snow
2025-02-14,30.2,33.9,26.5,0.0,False,0.0,False,12.1,3,Overcast
2025-02-15,30.5,35.2,24.4,0.28,True,0.854,True,7.5,73,Snow
2025-02-16,38.5,46.6,34.4,1.035,True,0.0,False,17.4,63,Rain
2025-02-17,29.6,34.6,26.1,0.0,False,0.0,False,16.8,3,Overcast
2025-02-18,22.7,26.4,17.3,0.0,False,0.0,False,12.8,3,Overcast
2025-02-19,22.9,30.1,15.6,0.0,False,0.0,False,9.9,3,Overcast
2025-02-20,23.5,29.9,16.2,0.035,True,0.248,True,12.0,71,Slight snow
2025-02-21,25.1,31.6,20.8,0.0,False,0.0,False,13.1,3,Overcast
2025-02-22,28.1,37.9,18.7,0.0,False,0.0,False,9.1,3,Overcast
2025-02-23,36.6,46.0,28.8,0.0,False,0.0,False,6.7,3,Overcast
2025-02-24,38.1,45.9,29.0,0.0,False,0.0,False,12.2,3,Overcast
2025-02-25,44.5,53.8,38.6,0.0,False,0.0,False,7.5,3,Overcast
2025-02-26,44.8,56.3,35.8,0.016,True,0.0,False,11.8,51,Light drizzle
2025-02-27,47.7,54.2,40.6,0.071,True,0.0,False,8.3,53,Drizzle
2025-02-28,43.0,49.2,35.7,0.0,False,0.0,False,10.7,3,Overcast
2025-03-01,44.7,60.5,30.4,0.0,False,0.0,False,15.2,3,Overcast
2025-03-02,25.7,32.7,18.5,0.0,False,0.0,False,11.8,3,Overcast
2025-03-03,28.9,38.3,21.0,0.0,False,0.0,False,8.0,3,Overcast
2025-03-04,39.5,51.6,28.4,0.0,False,0.0,False,7.6,3,Overcast
2025-03-05,48.5,52.6,41.2,1.394,True,0.0,False,16.6,65,Heavy rain
2025-03-06,49.7,54.6,36.7,0.264,True,0.0,False,16.6,63,Rain
2025-03-07,38.8,46.6,30.9,0.0,False,0.0,False,19.2,3,Overcast
2025-03-08,38.6,43.2,34.2,0.0,False,0.0,False,14.2,3,Overcast
2025-03-09,38.6,50.5,27.9,0.0,False,0.0,False,15.6,3,Overcast
2025-03-10,48.2,62.0,38.8,0.0,False,0.0,False,7.7,2,Partly cloudy
2025-03-11,48.1,58.6,37.0,0.0,False,0.0,False,6.8,2,Partly cloudy
2025-03-12,45.3,52.2,37.7,0.0,False,0.0,False,8.6,3,Overcast
2025-03-13,42.2,50.6,35.7,0.0,False,0.0,False,6.6,3,Overcast
2025-03-14,42.8,55.0,33.3,0.0,False,0.0,False,6.1,3,Overcast
2025-03-15,43.8,48.6,38.2,0.016,True,0.0,False,7.6,51,Light drizzle
2025-03-16,53.3,57.8,45.8,0.508,True,0.0,False,15.9,63,Rain
2025-03-17,53.0,58.5,39.2,1.114,True,0.0,False,14.4,63,Rain
2025-03-18,44.2,57.0,33.3,0.0,False,0.0,False,10.7,3,Overcast
2025-03-19,46.5,57.6,36.9,0.0,False,0.0,False,6.6,3,Overcast
2025-03-20,46.0,49.7,42.0,0.311,True,0.0,False,9.3,63,Rain
2025-03-21,43.9,48.8,37.0,0.228,True,0.0,False,15.9,63,Rain
2025-03-22,46.9,60.3,36.2,0.004,True,0.0,False,12.8,51,Light drizzle
2025-03-23,37.5,46.5,27.6,0.0,False,0.0,False,10.7,3,Overcast
2025-03-24,44.8,51.1,39.6,0.587,True,0.0,False,10.5,63,Rain
2025-03-25,48.8,57.5,40.8,0.0,False,0.0,False,14.9,3,Overcast
2025-03-26,43.0,50.4,35.9,0.031,True,0.0,False,11.0,53,Drizzle
2025-03-27,40.1,49.6,31.0,0.0,False,0.0,False,10.3,0,Clear sky
2025-03-28,49.5,60.3,40.1,0.051,True,0.055,True,7.4,71,Slight snow
2025-03-29,60.6,79.6,44.6,0.291,True,0.0,False,11.9,63,Rain
2025-03-30,47.6,56.3,42.0,0.004,True,0.0,False,5.1,51,Light drizzle
2025-03-31,59.6,70.2,46.9,1.051,True,0.0,False,9.0,65,Heavy rain
2025-04-01,48.3,60.1,40.6,0.295,True,0.0,False,12.7,63,Rain
2025-04-02,40.5,47.1,32.4,0.0,False,0.0,False,9.3,3,Overcast
2025-04-03,60.0,72.7,44.2,0.075,True,0.0,False,13.3,53,Drizzle
2025-04-04,63.8,71.1,55.2,0.299,True,0.0,False,9.6,63,Rain
2025-04-05,49.1,54.9,42.8,0.083,True,0.0,False,9.6,53,Drizzle
2025-04-06,49.8,60.3,42.6,0.181,True,0.0,False,8.4,63,Rain
2025-04-07,43.2,48.7,40.1,0.339,True,0.0,False,7.0,61,Slight rain
2025-04-08,40.5,44.3,35.6,0.0,False,0.0,False,15.9,3,Overcast
2025-04-09,37.7,47.0,29.0,0.0,False,0.0,False,8.4,2,Partly cloudy
2025-04-10,41.4,48.7,35.2,0.028,True,0.0,False,10.0,51,Light drizzle
2025-04-11,42.9,46.0,40.4,0.429,True,0.0,False,11.5,61,Slight rain
2025-04-12,39.3,42.9,34.8,0.63,True,0.386,True,13.5,73,Snow
2025-04-13,47.9,57.0,39.0,0.008,True,0.0,False,12.0,51,Light drizzle
2025-04-14,51.0,61.9,41.1,0.0,False,0.0,False,6.5,3,Overcast
2025-04-15,55.9,66.8,48.5,0.039,True,0.0,False,14.8,55,Heavy drizzle
2025-04-16,45.9,50.3,41.6,0.0,False,0.0,False,15.5,3,Overcast
2025-04-17,48.8,60.1,38.2,0.0,False,0.0,False,8.7,2,Partly cloudy
2025-04-18,52.4,62.3,39.2,0.0,False,0.0,False,11.6,3,Overcast
2025-04-19,70.1,81.6,58.1,0.012,True,0.0,False,12.1,51,Light drizzle
2025-04-20,61.2,72.6,52.1,0.0,False,0.0,False,11.9,3,Overcast
2025-04-21,51.0,56.7,44.8,0.012,True,0.0,False,8.5,51,Light drizzle
2025-04-22,65.8,80.5,52.1,0.004,True,0.0,False,8.1,51,Light drizzle
2025-04-23,62.9,75.7,49.2,0.0,False,0.0,False,8.0,3,Overcast
2025-04-24,65.3,76.8,52.2,0.0,False,0.0,False,8.8,3,Overcast
2025-04-25,65.1,73.9,56.3,0.0,False,0.0,False,9.0,3,Overcast
2025-04-26,64.5,72.2,57.5,0.583,True,0.0,False,12.7,63,Rain
2025-04-27,53.0,56.9,46.8,0.0,False,0.0,False,18.1,3,Overcast
2025-04-28,60.4,73.3,47.8,0.0,False,0.0,False,7.8,3,Overcast
2025-04-29,65.6,76.2,52.2,0.0,False,0.0,False,10.3,3,Overcast
2025-04-30,69.8,74.4,62.9,0.0,False,0.0,False,11.1,3,Overcast
2025-05-01,60.5,70.1,50.5,0.028,True,0.0,False,8.2,53,Drizzle
2025-05-02,69.9,84.2,56.7,0.012,True,0.0,False,10.2,51,Light drizzle
2025-05-03,71.6,79.7,64.0,0.394,True,0.0,False,7.6,63,Rain
2025-05-04,63.3,68.6,58.8,0.524,True,0.0,False,7.6,61,Slight rain
2025-05-05,60.9,68.0,57.7,0.461,True,0.0,False,7.9,61,Slight rain
2025-05-06,60.7,65.4,57.1,1.051,True,0.0,False,9.0,65,Heavy rain
2025-05-07,63.6,71.7,56.2,0.02,True,0.0,False,7.1,51,Light drizzle
2025-05-08,65.4,75.5,56.7,0.0,False,0.0,False,6.2,3,Overcast
2025-05-09,58.3,63.7,54.4,0.709,True,0.0,False,7.2,63,Rain
2025-05-10,59.4,69.1,50.4,0.0,False,0.0,False,13.8,3,Overcast
2025-05-11,64.0,74.7,52.3,0.0,False,0.0,False,7.7,3,Overcast
2025-05-12,60.4,67.5,51.2,0.0,False,0.0,False,6.6,3,Overcast
2025-05-13,62.8,68.1,57.7,0.142,True,0.0,False,6.6,55,Heavy drizzle
2025-05-14,61.4,66.9,58.8,1.063,True,0.0,False,10.3,65,Heavy rain
2025-05-15,64.9,72.9,59.9,0.134,True,0.0,False,6.4,61,Slight rain
2025-05-16,64.0,72.0,59.4,0.028,True,0.0,False,8.8,51,Light drizzle
2025-05-17,69.9,79.2,62.0,0.039,True,0.0,False,10.5,53,Drizzle
2025-05-18,66.4,73.3,58.9,0.016,True,0.0,False,14.1,51,Light drizzle
2025-05-19,60.7,68.3,53.6,0.0,False,0.0,False,12.8,3,Overcast
2025-05-20,57.1,65.8,47.8,0.0,False,0.0,False,8.8,3,Overcast
2025-05-21,54.1,57.6,49.3,0.13,True,0.0,False,10.8,53,Drizzle
2025-05-22,50.9,54.3,48.0,0.988,True,0.0,False,12.4,63,Rain
2025-05-23,53.4,61.5,47.8,0.071,True,0.0,False,8.5,51,Light drizzle
2025-05-24,55.9,62.8,47.4,0.039,True,0.0,False,11.3,53,Drizzle
2025-05-25,58.8,66.7,50.6,0.0,False,0.0,False,10.5,3,Overcast
2025-05-26,61.6,71.8,50.5,0.0,False,0.0,False,7.1,1,Mainly clear
2025-05-27,64.7,77.1,53.7,0.0,False,0.0,False,8.4,3,Overcast
2025-05-28,60.1,66.6,54.5,0.453,True,0.0,False,7.2,63,Rain
2025-05-29,62.6,71.3,55.1,0.083,True,0.0,False,7.5,51,Light drizzle
2025-05-30,65.5,72.7,60.4,0.197,True,0.0,False,6.8,61,Slight rain
2025-05-31,61.4,67.5,54.2,1.354,True,0.0,False,15.5,65,Heavy rain
2025-06-01,57.9,65.8,49.5,0.0,False,0.0,False,12.7,3,Overcast
2025-06-02,60.9,71.2,50.0,0.0,False,0.0,False,7.2,3,Overcast
2025-06-03,66.5,79.2,52.7,0.0,False,0.0,False,6.1,1,Mainly clear
2025-06-04,71.8,83.6,58.6,0.0,False,0.0,False,7.6,3,Overcast
2025-06-05,80.4,93.0,68.7,0.0,False,0.0,False,7.9,3,Overcast
2025-06-06,80.0,87.5,71.5,0.051,True,0.0,False,7.5,55,Heavy drizzle
2025-06-07,72.6,79.8,67.6,0.35,True,0.0,False,7.1,63,Rain
2025-06-08,67.4,75.4,61.8,0.059,True,0.0,False,8.9,51,Light drizzle
2025-06-09,64.2,70.2,59.0,0.126,True,0.0,False,6.4,53,Drizzle
2025-06-10,68.2,77.8,62.2,0.764,True,0.0,False,6.6,65,Heavy rain
2025-06-11,74.8,84.7,62.5,0.0,False,0.0,False,8.8,3,Overcast
2025-06-12,81.4,94.5,68.2,0.004,True,0.0,False,10.6,51,Light drizzle
2025-06-13,75.6,85.0,68.4,0.004,True,0.0,False,6.8,51,Light drizzle
2025-06-14,64.8,69.1,60.5,0.193,True,0.0,False,9.1,55,Heavy drizzle
2025-06-15,62.5,67.2,59.5,0.248,True,0.0,False,5.9,61,Slight rain
2025-06-16,64.2,68.1,60.1,0.087,True,0.0,False,6.9,53,Drizzle
2025-06-17,66.0,70.0,62.8,0.295,True,0.0,False,6.1,63,Rain
2025-06-18,70.7,82.1,64.8,0.661,True,0.0,False,6.6,63,Rain
2025-06-19,78.2,87.6,70.8,0.531,True,0.0,False,9.7,63,Rain
2025-06-20,75.1,82.9,65.4,0.012,True,0.0,False,10.7,51,Light drizzle
2025-06-21,79.5,90.9,68.2,0.008,True,0.0,False,8.1,51,Light drizzle
2025-06-22,83.9,93.5,75.8,0.016,True,0.0,False,13.0,51,Light drizzle
2025-06-23,89.2,102.9,79.2,0.0,False,0.0,False,5.5,3,Overcast
2025-06-24,94.5,106.3,83.7,0.0,False,0.0,False,10.4,3,Overcast
2025-06-25,92.9,102.7,83.2,0.031,True,0.0,False,8.2,53,Drizzle
2025-06-26,78.8,88.6,67.9,0.008,True,0.0,False,9.6,51,Light drizzle
2025-06-27,68.2,72.8,64.0,0.114,True,0.0,False,8.0,61,Slight rain
2025-06-28,75.2,85.0,64.8,0.028,True,0.0,False,8.6,51,Light drizzle
2025-06-29,83.2,91.6,73.8,0.0,False,0.0,False,7.8,3,Overcast
2025-06-30,82.7,93.8,72.7,0.0,False,0.0,False,9.2,3,Overcast
2025-07-01,81.1,91.5,75.1,0.449,True,0.0,False,10.5,63,Rain
2025-07-02,77.4,84.6,73.1,0.134,True,0.0,False,4.7,53,Drizzle
2025-07-03,78.9,89.3,71.2,0.055,True,0.0,False,9.0,61,Slight rain
2025-07-04,75.3,83.8,65.3,0.0,False,0.0,False,7.0,0,Clear sky
2025-07-05,78.5,90.2,66.9,0.0,False,0.0,False,8.5,3,Overcast
2025-07-06,81.2,90.8,71.3,0.0,False,0.0,False,9.1,3,Overcast
2025-07-07,80.6,87.4,75.4,0.134,True,0.0,False,10.3,61,Slight rain
2025-07-08,83.6,98.5,75.3,0.358,True,0.0,False,7.3,63,Rain
2025-07-09,81.2,89.4,73.7,0.039,True,0.0,False,6.3,55,Heavy drizzle
2025-07-10,76.0,80.9,72.3,0.689,True,0.0,False,4.5,63,Rain
2025-07-11,76.5,83.0,70.5,0.016,True,0.0,False,7.4,51,Light drizzle
2025-07-12,77.4,85.6,72.4,0.0,False,0.0,False,8.1,3,Overcast
2025-07-13,77.8,84.7,72.7,0.004,True,0.0,False,8.3,51,Light drizzle
2025-07-14,78.7,87.0,73.7,0.48,True,0.0,False,8.9,63,Rain
2025-07-15,77.9,83.6,72.7,0.102,True,0.0,False,5.0,53,Drizzle
2025-07-16,80.3,87.1,73.8,0.094,True,0.0,False,7.3,53,Drizzle
2025-07-17,83.0,93.0,75.1,0.094,True,0.0,False,10.8,61,Slight rain
2025-07-18,80.3,86.6,73.0,0.0,False,0.0,False,9.3,3,Overcast
2025-07-19,77.7,83.6,70.9,0.0,False,0.0,False,8.9,3,Overcast
2025-07-20,82.4,93.4,72.5,0.287,True,0.0,False,8.5,63,Rain
2025-07-21,81.0,90.4,71.2,0.0,False,0.0,False,10.7,2,Partly cloudy
2025-07-22,75.0,82.8,67.5,0.0,False,0.0,False,8.6,3,Overcast
2025-07-23,75.8,83.2,67.4,0.0,False,0.0,False,8.1,3,Overcast
2025-07-24,77.9,86.1,68.3,0.0,False,0.0,False,9.6,3,Overcast
2025-07-25,85.4,99.9,76.0,0.177,True,0.0,False,10.4,63,Rain
2025-07-26,79.6,86.9,74.8,0.0,False,0.0,False,8.1,3,Overcast
2025-07-27,78.0,88.0,73.0,0.303,True,0.0,False,8.0,63,Rain
2025-07-28,86.0,96.7,74.5,0.0,False,0.0,False,7.8,1,Mainly clear
2025-07-29,89.5,103.4,76.6,0.035,True,0.0,False,6.6,53,Drizzle
2025-07-30,88.1,99.1,81.4,0.315,True,0.0,False,8.1,65,Heavy rain
2025-07-31,80.0,90.1,68.0,0.315,True,0.0,False,10.3,63,Rain
2025-08-01,68.2,73.3,64.2,0.051,True,0.0,False,10.2,51,Light drizzle
2025-08-02,70.4,78.4,63.0,0.0,False,0.0,False,5.9,3,Overcast
2025-08-03,72.5,83.6,61.4,0.0,False,0.0,False,6.8,2,Partly cloudy
2025-08-04,77.4,92.3,63.7,0.0,False,0.0,False,8.8,3,Overcast
2025-08-05,77.8,88.0,69.2,0.008,True,0.0,False,6.0,51,Light drizzle
2025-08-06,75.2,84.0,70.1,0.039,True,0.0,False,7.8,51,Light drizzle
2025-08-07,73.5,83.1,66.6,0.02,True,0.0,False,8.2,51,Light drizzle
2025-08-08,72.3,82.8,62.2,0.0,False,0.0,False,7.9,1,Mainly clear
2025-08-09,74.0,86.0,63.3,0.0,False,0.0,False,6.4,2,Partly cloudy
2025-08-10,78.4,92.4,65.4,0.0,False,0.0,False,8.4,3,Overcast
2025-08-11,79.5,90.4,70.3,0.0,False,0.0,False,7.9,3,Overcast
2025-08-12,79.9,91.1,70.1,0.0,False,0.0,False,8.9,3,Overcast
2025-08-13,80.0,87.9,74.1,0.142,True,0.0,False,8.2,61,Slight rain
2025-08-14,79.7,88.9,72.5,0.031,True,0.0,False,4.3,51,Light drizzle
2025-08-15,80.8,91.7,73.7,0.0,False,0.0,False,7.5,2,Partly cloudy
2025-08-16,78.7,86.5,73.6,0.154,True,0.0,False,6.9,61,Slight rain
2025-08-17,80.7,93.0,72.0,0.425,True,0.0,False,7.4,63,Rain
2025-08-18,70.8,77.6,66.9,0.0,False,0.0,False,9.9,3,Overcast
2025-08-19,69.2,75.3,63.0,0.0,False,0.0,False,7.9,3,Overcast
2025-08-20,68.2,73.0,61.9,0.079,True,0.0,False,9.6,51,Light drizzle
2025-08-21,65.5,71.5,61.2,0.016,True,0.0,False,14.0,51,Light drizzle
2025-08-22,70.2,81.1,58.6,0.0,False,0.0,False,7.7,0,Clear sky
2025-08-23,72.6,82.8,63.3,0.0,False,0.0,False,12.5,3,Overcast
2025-08-24,72.8,79.5,65.4,0.024,True,0.0,False,10.7,51,Light drizzle
2025-08-25,77.8,90.1,67.0,0.0,False,0.0,False,12.2,3,Overcast
2025-08-26,73.6,82.6,64.6,0.035,True,0.0,False,10.2,53,Drizzle
2025-08-27,69.9,77.5,61.9,0.008,True,0.0,False,9.2,51,Light drizzle
2025-08-28,70.3,80.1,59.5,0.0,False,0.0,False,8.5,3,Overcast
2025-08-29,72.2,81.1,64.0,0.0,False,0.0,False,9.1,3,Overcast
2025-08-30,68.5,78.5,57.7,0.0,False,0.0,False,7.8,1,Mainly clear
2025-08-31,69.5,82.0,58.8,0.0,False,0.0,False,8.1,3,Overcast
2025-09-01,70.8,79.5,62.2,0.0,False,0.0,False,10.1,3,Overcast
2025-09-02,69.8,79.8,61.3,0.0,False,0.0,False,7.6,2,Partly cloudy
2025-09-03,68.8,78.7,59.9,0.0,False,0.0,False,8.3,1,Mainly clear
2025-09-04,69.8,76.6,61.2,0.067,True,0.0,False,12.8,53,Drizzle
2025-09-05,73.2,80.1,64.8,0.181,True,0.0,False,9.2,61,Slight rain
2025-09-06,74.7,83.2,66.5,0.618,True,0.0,False,11.4,63,Rain
2025-09-07,65.1,69.2,62.1,0.559,True,0.0,False,5.6,63,Rain
2025-09-08,63.6,70.9,55.8,0.0,False,0.0,False,5.1,3,Overcast
2025-09-09,63.6,72.1,55.8,0.0,False,0.0,False,7.5,3,Overcast
2025-09-10,64.6,69.9,59.7,0.209,True,0.0,False,8.4,61,Slight rain
2025-09-11,70.0,80.2,59.6,0.0,False,0.0,False,8.3,3,Overcast
2025-09-12,69.8,80.8,61.3,0.0,False,0.0,False,6.2,3,Overcast
2025-09-13,69.2,78.2,61.2,0.012,True,0.0,False,7.5,51,Light drizzle
2025-09-14,72.2,83.8,62.5,0.012,True,0.0,False,4.9,51,Light drizzle
2025-09-15,72.0,83.4,64.2,0.0,False,0.0,False,7.1,3,Overcast
2025-09-16,68.7,75.6,64.0,0.0,False,0.0,False,10.1,3,Overcast
2025-09-17,66.5,69.5,63.6,0.488,True,0.0,False,9.3,65,Heavy rain
2025-09-18,71.6,81.1,64.4,0.012,True,0.0,False,4.1,51,Light drizzle
2025-09-19,73.0,82.9,64.8,0.0,False,0.0,False,7.0,1,Mainly clear
2025-09-20,66.8,75.3,59.1,0.0,False,0.0,False,7.8,3,Overcast
2025-09-21,63.5,72.3,56.7,0.0,False,0.0,False,6.0,3,Overcast
2025-09-22,63.9,73.1,54.0,0.0,False,0.0,False,7.0,3,Overcast
2025-09-23,72.3,84.8,62.5,0.181,True,0.0,False,8.9,63,Rain
2025-09-24,72.0,80.1,65.5,0.15,True,0.0,False,8.3,61,Slight rain
2025-09-25,71.5,75.4,67.9,1.126,True,0.0,False,9.1,65,Heavy rain
2025-09-26,72.5,80.0,66.0,0.0,False,0.0,False,5.2,3,Overcast
2025-09-27,69.3,75.8,62.2,0.004,True,0.0,False,3.8,51,Light drizzle
2025-09-28,71.9,81.6,63.9,0.059,True,0.0,False,3.7,53,Drizzle
2025-09-29,69.0,75.0,63.1,0.0,False,0.0,False,5.8,3,Overcast
2025-09-30,68.9,77.8,62.8,0.0,False,0.0,False,6.7,3,Overcast
2025-10-01,61.7,68.4,54.5,0.0,False,0.0,False,8.4,3,Overcast
2025-10-02,57.7,65.8,49.4,0.0,False,0.0,False,5.0,3,Overcast
2025-10-03,59.5,71.2,48.2,0.0,False,0.0,False,6.8,3,Overcast
2025-10-04,66.9,81.9,53.1,0.0,False,0.0,False,5.4,3,Overcast
2025-10-05,70.7,85.4,58.1,0.0,False,0.0,False,5.8,2,Partly cloudy
2025-10-06,68.7,79.6,58.8,0.0,False,0.0,False,7.5,3,Overcast
2025-10-07,70.6,80.3,62.9,0.004,True,0.0,False,11.0,51,Light drizzle
2025-10-08,66.6,71.3,58.0,0.256,True,0.0,False,10.7,61,Slight rain
2025-10-09,53.6,59.0,46.7,0.0,False,0.0,False,9.0,0,Clear sky
2025-10-10,51.9,61.1,41.0,0.0,False,0.0,False,6.8,3,Overcast
2025-10-11,58.4,66.2,50.5,0.075,True,0.0,False,7.8,53,Drizzle
2025-10-12,59.1,62.0,55.8,0.583,True,0.0,False,15.6,63,Rain
2025-10-13,57.2,60.0,54.6,1.602,True,0.0,False,18.3,65,Heavy rain
2025-10-14,57.3,61.6,54.2,0.004,True,0.0,False,11.6,51,Light drizzle
2025-10-15,59.9,67.6,52.6,0.0,False,0.0,False,8.8,3,Overcast
2025-10-16,51.4,59.3,44.9,0.0,False,0.0,False,10.5,2,Partly cloudy
2025-10-17,51.9,62.4,44.9,0.0,False,0.0,False,8.7,3,Overcast
2025-10-18,53.4,63.8,43.2,0.0,False,0.0,False,4.1,3,Overcast
2025-10-19,61.2,69.3,50.5,0.0,False,0.0,False,13.2,3,Overcast
2025-10-20,60.9,69.2,54.2,0.295,True,0.0,False,15.0,63,Rain
2025-10-21,56.6,66.8,46.5,0.0,False,0.0,False,8.4,3,Overcast
2025-10-22,57.0,61.9,52.4,0.429,True,0.0,False,12.2,63,Rain
2025-10-23,52.6,59.5,47.4,0.0,False,0.0,False,10.5,2,Partly cloudy
2025-10-24,50.5,58.7,42.6,0.0,False,0.0,False,8.0,3,Overcast
2025-10-25,50.8,58.0,42.5,0.0,False,0.0,False,5.6,3,Overcast
2025-10-26,50.5,58.3,44.0,0.0,False,0.0,False,4.9,3,Overcast
2025-10-27,46.7,55.9,37.7,0.0,False,0.0,False,5.9,0,Clear sky
2025-10-28,48.1,54.5,40.2,0.0,False,0.0,False,12.9,3,Overcast
2025-10-29,51.1,56.2,45.5,0.0,False,0.0,False,10.5,3,Overcast
2025-10-30,57.4,62.5,52.1,1.224,True,0.0,False,17.5,63,Rain
2025-10-31,53.6,59.4,50.3,0.016,True,0.0,False,17.8,51,Light drizzle
2025-11-01,50.5,58.5,45.7,0.0,False,0.0,False,13.6,3,Overcast
2025-11-02,48.0,57.7,39.3,0.0,False,0.0,False,5.4,3,Overcast
2025-11-03,50.6,57.5,43.8,0.012,True,0.0,False,9.7,51,Light drizzle
2025-11-04,51.5,58.8,46.5,0.0,False,0.0,False,14.2,1,Mainly clear
2025-11-05,51.6,63.6,39.4,0.012,True,0.0,False,12.0,51,Light drizzle
2025-11-06,48.9,56.3,40.9,0.016,True,0.0,False,14.0,51,Light drizzle
2025-11-07,47.9,59.0,35.2,0.0,False,0.0,False,12.8,3,Overcast
2025-11-08,57.7,65.2,52.9,0.146,True,0.0,False,8.8,53,Drizzle
2025-11-09,55.8,61.7,49.8,0.039,True,0.0,False,9.8,51,Light drizzle
2025-11-10,50.7,57.4,36.0,0.201,True,0.0,False,10.5,55,Heavy drizzle
2025-11-11,36.2,39.7,32.9,0.028,True,0.193,True,17.7,71,Slight snow
2025-11-12,41.9,48.9,36.3,0.0,False,0.0,False,9.0,3,Overcast
2025-11-13,45.2,50.8,41.7,0.043,True,0.028,True,12.1,71,Slight snow
2025-11-14,43.3,50.2,36.6,0.0,False,0.0,False,11.0,3,Overcast
2025-11-15,42.5,48.3,34.2,0.35,True,0.0,False,8.3,63,Rain
2025-11-16,49.3,55.7,40.3,0.181,True,0.0,False,16.2,63,Rain
2025-11-17,39.1,43.2,34.4,0.0,False,0.0,False,15.7,3,Overcast
2025-11-18,40.4,46.5,33.5,0.0,False,0.0,False,8.8,3,Overcast
2025-11-19,40.9,47.0,36.3,0.185,True,0.193,True,5.9,73,Snow
2025-11-20,37.8,46.3,31.7,0.0,False,0.0,False,3.7,3,Overcast
2025-11-21,44.4,51.8,37.1,0.0,False,0.0,False,8.8,3,Overcast
2025-11-22,46.4,51.3,39.7,0.189,True,0.0,False,7.7,61,Slight rain
2025-11-23,39.0,45.8,30.5,0.0,False,0.0,False,6.8,3,Overcast
2025-11-24,44.4,52.4,39.7,0.0,False,0.0,False,8.3,3,Overcast
2025-11-25,46.4,55.5,37.0,0.39,True,0.0,False,11.7,63,Rain
2025-11-26,56.3,60.1,52.4,0.24,True,0.0,False,11.1,63,Rain
2025-11-27,42.2,51.0,36.4,0.0,False,0.0,False,11.3,3,Overcast
2025-11-28,36.5,42.2,31.9,0.0,False,0.0,False,14.8,2,Partly cloudy
2025-11-29,35.4,42.6,31.7,0.0,False,0.0,False,9.2,3,Overcast
2025-11-30,37.1,41.9,31.1,0.134,True,0.0,False,7.6,53,Drizzle
2025-12-01,37.8,42.9,31.4,0.0,False,0.0,False,10.4,3,Overcast
2025-12-02,34.3,38.7,29.3,0.744,True,0.055,True,10.4,71,Slight snow
2025-12-03,34.4,39.7,29.8,0.0,False,0.0,False,10.2,3,Overcast
2025-12-04,33.2,41.9,26.1,0.004,True,0.028,True,12.4,71,Slight snow
2025-12-05,25.9,30.7,19.9,0.0,False,0.0,False,8.1,3,Overcast
2025-12-06,33.1,39.7,29.2,0.02,True,0.11,True,5.4,71,Slight snow
2025-12-07,34.6,41.0,29.0,0.0,False,0.0,False,6.8,3,Overcast
2025-12-08,28.7,35.2,23.8,0.0,False,0.0,False,11.1,3,Overcast
2025-12-09,25.2,32.1,17.6,0.0,False,0.0,False,9.9,3,Overcast
2025-12-10,37.3,45.0,31.3,0.098,True,0.0,False,11.0,53,Drizzle
2025-12-11,33.6,39.3,28.0,0.0,False,0.0,False,14.3,3,Overcast
2025-12-12,28.6,34.5,23.5,0.0,False,0.0,False,9.8,0,Clear sky
2025-12-13,31.1,38.8,24.4,0.031,True,0.22,True,5.7,73,Snow
2025-12-14,27.4,32.9,18.1,0.469,True,3.28,True,11.2,75,Heavy snow
2025-12-15,20.6,26.2,16.7,0.0,False,0.0,False,10.3,3,Overcast
2025-12-16,22.0,28.0,15.7,0.0,False,0.0,False,7.1,3,Overcast
2025-12-17,30.8,39.5,20.6,0.0,False,0.0,False,8.4,3,Overcast
2025-12-18,35.5,43.2,24.4,0.0,False,0.0,False,6.8,3,Overcast
2025-12-19,49.0,58.2,31.7,1.209,True,0.0,False,23.5,63,Rain
2025-12-20,32.2,36.5,28.5,0.0,False,0.0,False,11.1,3,Overcast
2025-12-21,36.6,46.0,29.0,0.0,False,0.0,False,13.4,3,Overcast
2025-12-22,31.1,37.4,27.0,0.0,False,0.0,False,8.3,3,Overcast
2025-12-23,35.2,39.2,32.4,0.114,True,0.524,True,5.9,73,Snow
2025-12-24,38.3,45.6,30.6,0.0,False,0.0,False,14.8,3,Overcast
2025-12-25,35.9,46.9,28.9,0.0,False,0.0,False,12.9,3,Overcast
2025-12-26,24.6,27.6,20.7,0.354,True,2.48,True,9.0,75,Heavy snow
2025-12-27,26.2,30.3,19.5,0.209,True,1.406,True,9.7,75,Heavy snow
2025-12-28,21.2,35.0,10.8,0.047,True,0.0,False,5.8,53,Drizzle
2025-12-29,38.8,45.4,29.4,0.142,True,0.0,False,14.0,53,Drizzle
2025-12-30,29.7,31.9,26.6,0.0,False,0.0,False,15.6,3,Overcast
2025-12-31,28.1,31.7,25.5,0.0,False,0.0,False,10.1,3,Overcast
